id,post_id,user_id,original_content,optimized_content,created_at
10877383-80e0-48f2-9eb7-41da0c0155ec,9ddad817-e5db-4f81-adcc-be5ee2eae990,ef437f47-040e-410b-a1b9-84004b850c8f,La IA y el renacimiento,"IA y Renacimiento... Â¿casualidad? ğŸ¤”

Me flipa ver cÃ³mo la IA estÃ¡ revolucionando todo, Â¡como un Renacimiento en toda regla! ğŸš€  Desde la forma en que trabajamos (Â¿os imaginÃ¡is no volver a empezar un documento desde cero?ğŸ¤¯) hasta cÃ³mo nos comunicamos y creamos. 

Estamos en un momento clave donde podemos reimaginar  prÃ¡cticamente TODO.  Igual que en el Renacimiento, se abren nuevas posibilidades para el arte, la ciencia, la tecnologÃ­a... Â¡para todo!

Â¿CÃ³mo creÃ©is que la IA estÃ¡ impulsando este nuevo Renacimiento? ğŸ’¬  Â¡Contadme vuestras ideas! ğŸ‘‡

#IA #InteligenciaArtificial #Renacimiento #InnovaciÃ³n #TransformaciÃ³nDigital #FuturoDelTrabajo


Â¡Comparte este post si te ha dado que pensar! ğŸ”„
",2024-12-27 18:17:53.915856+00
1eda3d64-c880-4174-862d-1e14abf77dba,39722eda-decd-4fc5-81c8-70198fe37eae,ef437f47-040e-410b-a1b9-84004b850c8f,Post sobre la potencia de los agentes IA en comparaciÃ³n con el RPA,"## IA vs RPA: Â¿RevoluciÃ³n o EvoluciÃ³n? ğŸš€

Mucho se habla del poder de la Inteligencia Artificial (IA) y cÃ³mo estÃ¡ dejando atrÃ¡s al Robotic Process Automation (RPA).  Pero, Â¿realmente se trata de una sustituciÃ³n o de una evoluciÃ³n? ğŸ¤”

El RPA automatiza tareas repetitivas y basadas en reglas, como un robot que sigue instrucciones precisas.  La IA, en cambio,  aprende, se adapta y toma decisiones, asemejÃ¡ndose mÃ¡s a un cerebro humano. ğŸ§ 

Si bien la IA puede encargarse de procesos mÃ¡s complejos, el RPA sigue siendo una herramienta valiosa para automatizar tareas sencillas y liberar recursos.  De hecho, Â¡pueden trabajar juntos!  Imaginad la potencia de combinar la eficiencia del RPA con la inteligencia de la IA. ğŸ¤

Â¿CuÃ¡l es vuestra experiencia? Â¿EstÃ¡is implementando IA o RPA en vuestras empresas?  Compartid vuestras opiniones y experiencias en los comentarios. ğŸ‘‡

#IA #RPA #AutomatizaciÃ³n #InteligenciaArtificial #TransformaciÃ³nDigital #InnovaciÃ³n


Hablemos!  Contactadme para explorar cÃ³mo la IA y el RPA pueden transformar vuestro negocio. â¡ï¸
",2024-12-27 17:39:21.178807+00
2871e20b-0e07-4222-8233-5caefeecceb7,ba1e4867-0600-4b9f-b260-a74a8f535608,ef437f47-040e-410b-a1b9-84004b850c8f,"Imagen 34
Fuentes de ventaja competitiva. Conseguir una ventaja competitiva es clave para diferenciarse en cualquier sector, pero no tenemos claro cÃ³mo hacerlo. Spoiler: El precio no sirve
Aprendizaje rÃ¡pido
EmpatÃ­a con cliente
ComunicaciÃ³n eficaz
disposiciÃ³n a fracasar
paciencia estratÃ©gica -> Esperar al momento adecuado para actuar y tener la paciencia para aprender

Â¿Lo mÃ¡s interesante? Todas ellas son CAPACIDADES, no activos empresariales como tal. 
Si ademÃ¡s somos capaces de combinar estas capacidades en una compaÃ±Ã­a que actÃºa como un sistema (un conjunto de piezas bien engranadas entre sÃ­), seremos INIMITABLES. ","Imagen 34

Fuentes de ventaja competitiva ğŸ’ª

Conseguir una ventaja competitiva es CLAVE para diferenciarse en cualquier sector, pero a veces no tenemos claro cÃ³mo hacerlo. Spoiler: El precio no sirve ğŸš«

AquÃ­ van algunas capacidades que SÃ marcan la diferencia:

* Aprendizaje rÃ¡pido ğŸš€
* EmpatÃ­a con el cliente ğŸ’–
* ComunicaciÃ³n eficaz ğŸ—£ï¸
* DisposiciÃ³n a fracasar (y aprender del error) ğŸ’¥
* Paciencia estratÃ©gica (esperar al momento adecuado) â³

Â¿Lo mÃ¡s interesante?  Todas son CAPACIDADES, no activos empresariales.  Si combinamos estas capacidades en una compaÃ±Ã­a que funciona como un sistema bien engranadoâ€¦ Â¡Seremos INIMITABLES! âœ¨

Â¿CuÃ¡l de estas capacidades crees que es MÃS importante para conseguir una ventaja competitiva en tu sector? ğŸ¤”  Comenta ğŸ‘‡

#VentajaCompetitiva #EstrategiaEmpresarial #InnovaciÃ³n #Liderazgo #Negocios
",2025-04-09 05:54:39.827139+00
3c2a459a-d123-4b79-8a75-321abb9220b9,83b1a630-a810-422e-8989-d6efe4416f14,ef437f47-040e-410b-a1b9-84004b850c8f,IA y renacimiento,"IA y Renacimiento ğŸš€

Â¿Estamos ante un nuevo renacimiento impulsado por la Inteligencia Artificial? ğŸ¤”

El auge de la IA nos recuerda a Ã©pocas de grandes cambios, como el Renacimiento.  Nuevas herramientas, nuevas formas de crear, nuevas posibilidades... Â¡Un mundo nuevo por explorar! ğŸŒ

Â¿CÃ³mo crees que la IA estÃ¡ transformando tu industria? Â¿QuÃ© oportunidades ves en este ""renacimiento"" tecnolÃ³gico?  Comparte tu visiÃ³n ğŸ’¬


#IA #InteligenciaArtificial #Renacimiento #InnovaciÃ³n #TransformaciÃ³nDigital #FuturoDelTrabajo


Â¡Comenta y Ãºnete a la conversaciÃ³n! ğŸ‘‡
",2024-12-27 18:18:19.012426+00
578f5654-21a4-432c-9288-fb1044a19380,8f9cb662-2e4c-42e1-af78-4fcd9bc4a4b5,ef437f47-040e-410b-a1b9-84004b850c8f,"Post bueno, post malo","Hay publicaciones que funcionan... y otras que no. ğŸ¤”

A veces, dar con la tecla correcta para conectar con la audiencia puede ser un autÃ©ntico desafÃ­o.  He estado analizando mis publicaciones en LinkedIn y me he dado cuenta de que hay mucho margen de mejora.  Quiero crear contenido mÃ¡s atractivo, que genere conversaciones y aporte valor.  

Para ello, voy a poner en prÃ¡ctica algunas estrategias:

* **MÃ¡s imÃ¡genes y vÃ­deos:**  Una imagen vale mÃ¡s que mil palabras (y un vÃ­deo, ni te cuento).  Voy a intentar incorporar mÃ¡s contenido visual a mis publicaciones.

* **Preguntas que inviten a la conversaciÃ³n:**  Quiero escuchar vuestras opiniones y experiencias. Â¡Compartir es crecer!

* **Hashtags relevantes:**  Para que mis publicaciones lleguen a mÃ¡s personas interesadas en temas como #IA, #TransformaciÃ³nDigital, #InnovaciÃ³n, etc.

* **Publicar en el horario adecuado:** Parece que entre las 7:00 AM y las 8:00 AM de lunes a viernes es el mejor momento para conectar con vosotros.

Y ahora, la pregunta del millÃ³n: Â¿QuÃ© tipo de contenido os resulta mÃ¡s interesante en LinkedIn?  Â¿ArtÃ­culos, imÃ¡genes, vÃ­deos, posts cortos, largos...?  Â¡Contadme! ğŸ‘‡

Me encantarÃ­a conocer vuestras preferencias para poder crear contenido que os resulte Ãºtil y atractivo.  Â¡Espero vuestros comentarios! ğŸ˜‰
",2025-03-05 05:00:44.53899+00
72752e84-c17d-41ad-bce6-800072aee7e3,655ff326-5430-44b9-8577-c8202fd5b3f3,ef437f47-040e-410b-a1b9-84004b850c8f,"Como NO utilizar la IA (y como sÃ­) â›”
El otro dÃ­a iba conduciendo por Valencia, y de repente en un semÃ¡foro me quedo mirando a un autobÃºs y pienso ""Uy, esa imagen...""
Me dio la impresiÃ³n de que tenÃ­a cosas raras, y cuando la mirÃ© en detalle empiezo a ver texturas raras en la carne, gambas con cabeza en los dos extremos... Â¡LA IMAGEN ESTABA HECHA CON IA!

No serÃ© yo quien diga que no hay que usar la IA (solo faltaba), pero tenemos que hacerlo con cabeza.

AquÃ­ debiÃ³ pasar algo como:
Cliente 1 - Tenemos que hacer una publi masiva.
Cliente 2 - Espera, que mi primo nos hace los diseÃ±os con IA y con Canva todo en una tarde y nos cobra 100â‚¬
Cliente 1 - Vale genial, pues dadle caÃ±a y tiene que estar para ayer

Si vas a empapelar los autobuses de una ciudad con tus anuncios, lo mÃ­nimo es ponerle criterio humano y tener en cuenta la experiencia del cliente (y del cliente potencial). 
Cuando busco un restaurante, quiero ver imÃ¡genes autÃ©nticas de sus platos. 
Si te quieres ahorrar hacer la sesiÃ³n de fotos (que lo entiendo, es un rollo), pues haz las imÃ¡genes con IA e intenta colÃ¡rselas al cliente, pero serÃ¡ importante imponer un buen filtro sobre lo que ""pasa a producciÃ³n"". 
A mi se me quitaron las ganas de ir a este grupo de restaurantes (aunque creo que el anuncio era mÃ¡s para turistas) porque notÃ© claramente cÃ³mo querÃ­an colÃ¡rmela. Confianza 0.

Â¿Os habÃ©is llevado alguna decepciÃ³n como esta ya?
 
","CÃ³mo NO usar la IA (y cÃ³mo SÃ) â›”âœ…

El otro dÃ­a en Valencia, esperando en un semÃ¡foro, vi un anuncio en un autobÃºs que me dejÃ³ ğŸ¤¯...  Texturas raras, gambas con cabeza en ambos extremos... Â¡Claramente generado por IA!

No digo que no usemos IA, Â¡para nada! Pero hay que usarla con cabeza.  Me imagino la conversaciÃ³n:

Cliente 1: Necesitamos una campaÃ±a YA.
Cliente 2: Mi primo lo diseÃ±a con IA y Canva en una tarde por 100â‚¬.
Cliente 1: Â¡Perfecto!

Si vas a empapelar la ciudad, Â¡invierte en criterio humano!  Cuando busco un restaurante, quiero ver fotos reales, no ""comida"" inventada.  Si quieres ahorrarte la sesiÃ³n de fotos (lo entiendo, es un rollo), usa IA, pero Â¡FILTRA el resultado!

Este anuncio me quitÃ³ las ganas de ir a esos restaurantes (aunque creo que iba dirigido a turistas).  Me intentaron ""colar"" una imagen falsa. Confianza 0.

Â¿Os ha pasado algo parecido? ğŸ¤”  Contadme vuestras experiencias con anuncios generados por IA... Â¡y cÃ³mo creÃ©is que DEBERÃAN usarse! ğŸ‘‡

#IA #InteligenciaArtificial #MarketingDigital #Publicidad #DiseÃ±o #Canva #ExperienciaCliente #Autenticidad


",2025-01-17 05:18:02.719301+00
79641dde-b554-4178-afc9-cc20da1f758a,1ece1c8c-34f4-41af-9e4e-513197bdf08b,ef437f47-040e-410b-a1b9-84004b850c8f,"Si quieres aprovechar al mÃ¡ximo la IA, no seas como Drake ğŸ˜‚
Uno de los motivos mÃ¡s habituales de fracaso (o de ni siquiera poder empezar) cuando hacemos un proyecto de IA Generativa (o no Generativa) es la calidad del dato. 
Parece que como a ChatGPT le subes un PDF y funciona, eso va a funcionar a escala, pero la realidad, tristemente no es esa. 

Cuando queremos trabajar con grandes volÃºmenes de datos/informaciÃ³n, que suele ser lo que queremos en proyectos corporativos, necesitamos aplicar las buenas prÃ¡cticas de Gobierno y Calidad del dato para conseguir datos que sean:
ğŸ‘‰ Ãšnicos
ğŸ‘‰ Buenos
ğŸ‘‰ Seguros
ğŸ‘‰ Completos
ğŸ‘‰ Accesibles

En unos dÃ­as me enrollarÃ© un poco mÃ¡s sobre esto.","Si quieres triunfar con la IA, olvÃ­date del ""hÃ¡ztelo mirar"" ğŸ˜‚  (y no seas como Drake ğŸ˜‰)

Uno de los mayores fails en proyectos de IA (generativa o no) es la CALIDAD del dato. 

Meterle un PDF a ChatGPT mola, pero no funciona a gran escala. En proyectos serios, con datos a cascoporro, necesitas un buen Gobierno y Calidad del Dato.  Piensa en datos:

ğŸ‘‰ Ãšnicos
ğŸ‘‰ Buenos
ğŸ‘‰ Seguros
ğŸ‘‰ Completos
ğŸ‘‰ Accesibles

Â¿CÃ³mo lo haces tÃº? Â¿QuÃ© trucos tienes para mantener tus datos impecables? ğŸ¤”

En unos dÃ­as os cuento mÃ¡s sobre esto.  Mientras tanto... Â¡a compartir experiencias! ğŸš€ #IA #IAGenerativa #Datos #CalidadDeDatos #GobiernoDelDato #BigData #TransformaciÃ³nDigital
",2025-01-21 04:51:49.888674+00
7cb2066c-2937-497c-a94c-23bd4f978298,c324684b-0e57-46a9-993f-b36cc1cc91b8,ef437f47-040e-410b-a1b9-84004b850c8f,"Â¿Nos estamos quedando sin datos para entrenar la IA? ğŸ¤”
Las propias OpenAI, X, y demÃ¡s afirman que nos estamos quedando sin datos del mundo real para entrenar modelos de IA.  De hecho, Musk dice que agotamos el conocimiento humano acumulado en el entrenamiento de IA Â¡el aÃ±o pasado! ğŸ¤¯

Â¿La soluciÃ³n? Datos sintÃ©ticos.  Es decir, datos generados por la propia IA que ya se estÃ¡n usando de forma masiva y que parece ser un enfoque incluso mÃ¡s barato.

Pero... Â¡ojo! ğŸ‘€  Los datos sintÃ©ticos tambiÃ©n tienen desventajas.  Pueden llevar al ""colapso del modelo"", haciendo que la IA sea menos creativa y mÃ¡s propensa a sesgos (sÃ­ aÃºn mÃ¡s), comprometiendo su funcionalidad.  Si los datos usados para entrenar tienen sesgos, la IA los heredarÃ¡.

Mete algÃºn simil interesante al respecto sobre el riesgo que puede suponer y una conclusiÃ³n interesante y una pregunta abierta para gente no experta","Â¿Nos estamos quedando sin datos para entrenar la IA? ğŸ¤”

SÃ­, como lo oÃ­s.  Empresas como OpenAI y X (antes Twitter) afirman que nos estamos quedando sin datos del mundo real para entrenar modelos de IA. Â¡Incluso Musk dice que agotamos el conocimiento humano acumulado en el entrenamiento de IA el aÃ±o pasado! ğŸ¤¯

La soluciÃ³n que se estÃ¡ usando masivamente (y que parece mÃ¡s barata): datos sintÃ©ticos.  Es decir, datos generados por la propia IA.

Pero... Â¡ojo! ğŸ‘€  Los datos sintÃ©ticos tambiÃ©n tienen desventajas.  Imaginad que alimentamos a una IA con fotos de comida generadas por otra IA.  Al final, tendremos una IA ""chef"" que solo sabe cocinar platos que existen solo en el mundo digital, platos que nadie ha probado ni puede probar.  Algo parecido pasa con el entrenamiento de la IA en general.  Si la alimentamos con datos sintÃ©ticos con sesgos, la IA los heredarÃ¡ y amplificarÃ¡, comprometiendo su funcionalidad y llevÃ¡ndola al ""colapso del modelo"", haciÃ©ndola menos creativa.

Es como si un pintor solo aprendiera a pintar copiando cuadros de otros pintores que a su vez copiaron cuadrosâ€¦  Al final, se pierde la esencia, la creatividad y la conexiÃ³n con la realidad.  El resultado: cuadros tÃ©cnicamente perfectos pero sin alma.

Entonces, Â¿cÃ³mo equilibramos la necesidad de datos con el riesgo de sesgos y la pÃ©rdida de creatividad en la IA?  Â¿Es posible un futuro donde la IA aprenda de forma Ã©tica y efectiva sin ""comerse"" todo el conocimiento humano y entrando en bucle?

#IA #InteligenciaArtificial #DatosSintÃ©ticos #InnovaciÃ³n #Ã‰ticaEnIA #FuturoDeLaIA

Â¿QuÃ© opinÃ¡is? Â¡Dejad vuestros comentarios! ğŸ‘‡
",2025-02-07 06:56:33.785908+00
a0596551-460f-4ec2-9c81-8e1cf024c319,07ef11c7-0966-47b8-bc95-2945e02aeffb,ef437f47-040e-410b-a1b9-84004b850c8f,"Vaya mesecitos... He vivido mi proyecto mÃ¡s difÃ­cil (e importante). Y no, no tiene que ver con TransformaciÃ³n Digital ni con IA, aunque parezca impensable.
Me he metido en el apasionante proyecto de reformar una casa (NUESTRA CASA) y ha sido un proyecto alucinante, pero que podrÃ­a haber sido un autÃ©ntico desastre (como me dice todo el mundo que suelen ser) si no llega a liderarlo Marta.

Algunos aprendizajes:
La construcciÃ³n es un sector muy poco digitalizado, por lo fÃ­sico de su naturaleza. Tal vez tampoco necesite mucho. Con un lÃ¡piz y un lÃ¡ser se ""proyecta"" una casa.
Tal vez lo mÃ¡s digital del proyecto fueron los renders que nos hicieron mis queridas Silvia y Raquel para que yo, el analfabeto de la construcciÃ³n, fuera capaz de visualizar algo de lo que Ã­bamos a hacer antes de meternos en semejante follÃ³n.

La importancia del ojo experto. Cada cosa que se me ocurrÃ­a que habÃ­a que hacer, Marta ya la habÃ­a pensado y solucionado, junto a otros 7 posibles problemas que a mi ni se me habÃ­an pasado por la cabeza.

La gestiÃ³n de los imprevistos. Wow. Â¿CuÃ¡ntas cosas se pueden torcer cada dÃ­a? Algo que se rompe, otra cosa que no llega, una viga que aparece de la nada para trastocarte los planes, bajantes que no existen. Menuda cintura hay que tener para este mundillo!

En construcciÃ³n tienen casi mÃ¡s palabreishons que en el mundo IT (tabicas, retranqueos, mochetas, luminarias, perfiles, cosas que van ""a eje"" o ""a mÃ¡s ganar"", ... Â¡te vuelven loco!)","Â¡Menudo mesecito! ğŸ¤¯  He estado inmerso en mi proyecto mÃ¡s difÃ­cil (e importante) hasta la fecha. Y no, no tiene nada que ver con TransformaciÃ³n Digital ni con IA (aunque parezca mentira ğŸ˜…).

Me he embarcado en la apasionante aventura de reformar una casa (Â¡NUESTRA CASA! ğŸ‰) y ha sido una experiencia alucinante, pero que podrÃ­a haber sido un autÃ©ntico desastre (como me advirtiÃ³ TODO el mundo ğŸ˜±) si no llega a ser por el liderazgo de Marta ğŸ’ª.

Algunos aprendizajes clave de esta odisea:

* **DigitalizaciÃ³n en la construcciÃ³n ğŸ§±:**  Es un sector MUY poco digitalizado, por su naturaleza fÃ­sica. Â¿SerÃ¡ que realmente no lo necesita tanto?  Con un lÃ¡piz y un lÃ¡ser se ""proyecta"" una casa.  Lo mÃ¡s digital fueron los renders que nos hicieron Silvia y Raquel para que yo, el analfabeto de la construcciÃ³n ğŸ™ˆ, pudiera visualizar algo antes de meternos en semejante follÃ³n.

* **El ojo experto ğŸ§:** Cada cosa que se me ocurrÃ­a que habÃ­a que hacer, Marta ya la habÃ­a pensado, solucionado Â¡y con 7 posibles problemas alternativos que a mÃ­ ni se me habÃ­an pasado por la cabeza!  Impresionante.

* **GestiÃ³n de imprevistos ğŸš§:** Wow. Â¿CuÃ¡ntas cosas pueden salir mal en un solo dÃ­a? Algo que se rompe, un material que no llega, una viga que aparece de la nada, bajantes inexistentes... Â¡Hay que tener una cintura increÃ­ble en este mundillo!

* **El idioma de la construcciÃ³n ğŸ—£ï¸:**  Casi mÃ¡s ""palabreishons"" que en el mundo IT: tabicas, retranqueos, mochetas, luminarias, perfiles, cosas que van ""a eje"" o ""a mÃ¡s ganar""... Â¡Te vuelven loco! ğŸ˜‚

DespuÃ©s de esta experiencia, me pregunto: Â¿quÃ© otras profesiones aparentemente ""analÃ³gicas"" os sorprenden por su baja digitalizaciÃ³n? ğŸ¤” Â¡Compartid vuestras experiencias! ğŸ‘‡

#reformas #construccion #casanueva #proyectos #digitalizacion #liderazgo #imprevistos


",2025-02-25 07:06:35.329905+00
b4503f1b-22ba-4feb-89f3-48fb5897a952,bcbf7406-720f-4e0d-8bd2-fe4012aeaa31,ef437f47-040e-410b-a1b9-84004b850c8f,"Webinar IA el 30/01 a las 8:00
TÃ­tulo del webinar: De la Moda a la AcciÃ³n: CÃ³mo Usar la IA para Transformar Tu Negocio
DescripciÃ³n del webinar: Â¿La inteligencia artificial te parece compleja o simplemente otra moda pasajera? En este webinar te enseÃ±aremos cÃ³mo convertirla en una ventaja estratÃ©gica para tu empresa. Exploraremos casos prÃ¡cticos reales que estÃ¡n marcando la diferencia y te mostraremos un enfoque claro y estratÃ©gico para adoptar la IA sin caer en falsas promesas. SaldrÃ¡s con ideas tangibles y aplicables desde el primer dÃ­a. Â¡No te lo pierdas!
 ","ğŸš€ **Â¡De la Moda a la AcciÃ³n: Domina la IA y Transforma tu Negocio!** ğŸš€

Â¿La inteligencia artificial te parece compleja o una moda pasajera? ğŸ¤”  Â¡Yo tambiÃ©n me lo preguntaba!

En este webinar, te mostrarÃ© cÃ³mo convertir la IA en una **ventaja real** para tu empresa, sin tecnicismos ni falsas promesas. ğŸ˜‰

**El 30/01 a las 8:00**, exploraremos casos prÃ¡cticos que ya estÃ¡n marcando la diferencia y te revelarÃ© un enfoque claro y estratÃ©gico para que adoptes la IA desde el primer dÃ­a.

AprenderÃ¡s:

* CÃ³mo identificar oportunidades de IA en tu negocio.
* Casos de Ã©xito reales y aplicables.
* Estrategias para implementar la IA sin complicaciones.

SaldrÃ¡s con ideas tangibles y aplicables desde el primer dÃ­a. Â¡Garantizado! ğŸ’ª

Â¿CuÃ¡l es tu mayor desafÃ­o al pensar en implementar la IA en tu empresa?  Comparte tu experiencia en los comentarios. ğŸ‘‡

ğŸ‘‰ **RegÃ­strate ahora:** [enlace al webinar]  #IA #InteligenciaArtificial #TransformacionDigital #Innovacion #EstrategiaEmpresarial
",2025-01-08 05:07:56.927323+00
b4d64931-7006-4067-afb4-1738a8977cf5,56682dda-22db-43e7-9d2a-435adbbc6a59,ef437f47-040e-410b-a1b9-84004b850c8f,"La ganadora de 3 Oscars, The Brutallist, ha sido enormemente criticada por su uso de la IA en la ediciÃ³n:
Much of the filmâ€™s dialogue is in Hungarian, the filmmakers went to great lengths to make it as accurate to a native speaker as possible. This included judicious use of AI from the Ukrainian specialist Respeecher.

JancsÃ³ explains, â€œI am a native Hungarian speaker and I know that it is one of the most difficult languages to learn to pronounce. Even with Adrien's Hungarian background - (Brodyâ€™s mother is a Hungarian refugee who emigrated to the U.S in 1956) - it's not that simple. Itâ€™s an extremely unique language. We coached [Brody and Felicity Jones] and they did a fabulous job but we also wanted to perfect it so that not even locals will spot any difference.â€

Tweaks were needed to enhance specific letters of their vocal sounds. â€œIf youâ€™re coming from the Anglo-Saxon world certain sounds can be particularly hard to grasp. We first tried to ADR these harder elements with the actors. Then we tried to ADR them completely with other actors but that just didnâ€™t work. So we looked for other options of how to enhance it.â€

Brody and Jones were fully onboard with the process guided by Respeecher which started with recording their voices to drive the AI Hungarian delivery. JancsÃ³ also fed his voice into the AI model to finesse the tricky dialect.

â€œMost of their Hungarian dialogue has a part of me talking in there. We were very careful about keeping their performances. It's mainly just replacing letters here and there. You can do this in ProTools yourself, but we had so much dialogue in Hungarian that we really needed to speed up the process otherwise we'd still be in post.â€

GenAI is also used right at the end of the film in a sequence at the Venice Biennale to conjure a series of architectural drawings and finished buildings in the style of the fictional architect.  The overall effect is so impressive you might find yourself headed to Wikipedia to double check that LÃ¡szlÃ³ TÃ³th existed.

â€œIt is controversial in the industry to talk about AI, but it shouldn't be,â€ he acknowledges. â€œWe should be having a very open discussion about what tools AI can provide us with. Thereâ€™s nothing in the film using AI that hasn't been done before. It just makes the process a lot faster. We use AI to create these tiny little details that we didn't have the money or the time to shoot.â€

For more on this angle, read our follow up post here. ","Â¡Ostras! ğŸ˜± La peli ""The Brutallist"", ganadora de 3 Oscars, estÃ¡ en el ojo del huracÃ¡n por usar IA en la ediciÃ³n.  Y el debate estÃ¡ servido... ğŸ”¥

Resulta que gran parte de los diÃ¡logos son en hÃºngaro, un idioma ğŸ˜µâ€ğŸ’«, y querÃ­an que sonara perfecto.  Usaron la IA de Respeecher (una empresa ucraniana) para pulir la pronunciaciÃ³n de Adrien Brody y Felicity Jones.  

El director,  JancsÃ³ (hÃºngaro nativo),  explica que incluso con el background hÃºngaro de Brody,  necesitaban retoques para que ni los locales notaran la diferencia.  Primero probaron con ADR (doblaje adicional) con los actores e incluso con otros actores, pero no funcionÃ³.  AsÃ­ que la IA al rescate ğŸš€

Brody y Jones grabaron sus voces para alimentar el modelo de IA, e incluso la voz del director se usÃ³ para afinar el dialecto.  Vamos, que es un cÃ³ctel de voces ğŸ—£ï¸

Pero ojo ğŸ‘€,  no solo usaron IA para el idioma.  TambiÃ©n la usaron para generar dibujos arquitectÃ³nicos al final de la pelÃ­cula, Â¡y el resultado es tan ğŸ” que te dan ganas de buscar en Wikipedia si el arquitecto ficticio existe!

JancsÃ³ dice que el tema de la IA no deberÃ­a ser tabÃº, y que hay que hablar abiertamente de las herramientas que nos ofrece.  En este caso, la usaron para pulir detallitos que, por tiempo o presupuesto,  no podÃ­an rodar.

Â¿QuÃ© os parece? ğŸ¤”  A mÃ­ me flipa que se use la IA para estas cosas,  siempre que se haga bien, claro.  Â¿CreÃ©is que se estÃ¡ usando demasiado la IA en el cine o es una herramienta mÃ¡s como cualquier otra? ğŸ’¬

#IA #Cine #TecnologÃ­a #InnovaciÃ³n #TheBrutallist #PostproducciÃ³n #Doblaje #HÃºngaro #Respeecher


[Enlace al artÃ­culo original o post de seguimiento - si aplica]
",2025-03-04 05:17:07.001484+00
b7c6975d-ab95-486c-8279-9ab841a436f5,bc4f89ca-88a5-441d-9ba4-25a24602c222,ef437f47-040e-410b-a1b9-84004b850c8f,"Â¿Te cuento un secreto? Perplexity es la aplicaciÃ³n de IA mÃ¡s potente para buscar informaciÃ³n en internet y hacer investigaciones. 
El secreto es que puedes tener un aÃ±o de Perplexity Pro GRATIS

Â¿El truco? Esta promo es solo para clientes de Movistar.

Cosas interesantes sobre Perplexity 
BÃºsqueda online -> Perplexity lleva 2 aÃ±os siendo la mejor aplicaciÃ³n para buscar informaciÃ³n online con IA
Spaces -> Sube archivos y fuentes, similar a los GPTs
Deep Research -> Crea informes avanzados en base a investigaciÃ³n de mÃºltiples fuentes online
MÃºltiples modelos -> Te permite usar varios modelos, entre ellos Deepseek R1 de forma segura, alojado en USA.

Link a la promo -> https://www.movistar.es/mas-servicios/perplexity/","Â¡Ojo al dato, amantes de la IA! ğŸ‘€

Â¿Te cuento un secreto?  ğŸ¤« Perplexity es una herramienta BRUTAL para buscar informaciÃ³n y hacer investigaciones, y ahora puedes conseguir Perplexity Pro GRATIS durante un aÃ±o.

Â¿El truco?  Es una promo exclusiva para clientes de Movistar. ğŸ˜‰

Â¿Por quÃ© te interesa Perplexity?

* **BÃºsqueda online:**  Lleva 2 aÃ±os siendo TOP en bÃºsquedas con IA.
* **Spaces:** Sube archivos y fuentes, similar a los GPTs.  Â¡OrganizaciÃ³n al poder! ğŸ’ª
* **Deep Research:** Crea informes avanzados basados en la investigaciÃ³n de mÃºltiples fuentes online.  Â¡AdiÃ³s a las horas perdidas buscando! ğŸ‰
* **MÃºltiples Modelos:**  Usa varios modelos, incluyendo Deepseek R1 de forma segura (alojado en USA).

Â¿Ya lo has probado? Â¿QuÃ© te parece? ğŸ¤”  CuÃ©ntame tu experiencia en los comentarios. ğŸ‘‡

Â¡Aprovecha esta oportunidad! ğŸš€  Consulta la promo aquÃ­: [https://www.movistar.es/mas-servicios/perplexity/](https://www.movistar.es/mas-servicios/perplexity/)


#IA #InteligenciaArtificial #Perplexity #BÃºsqueda #InvestigaciÃ³n #Movistar #Promo #TecnologÃ­a #Deepseek #GPTs


",2025-02-18 04:32:35.359282+00
bb78715a-92f1-4e3e-af8a-3206465c7c34,142a280c-b317-4882-8883-6ee5678e624a,ef437f47-040e-410b-a1b9-84004b850c8f,"esto serÃ­a un mal post, salvo porque es la leche","A veces, la simplicidad es la clave.  Otras... no tanto ğŸ˜‚

Este post en sÃ­ mismo podrÃ­a ser un ejemplo perfecto. La idea inicial era simple (y un poco absurda, lo reconozco ğŸ˜…),  pero me ha hecho pensar en cÃ³mo a menudo nos complicamos la vida buscando la publicaciÃ³n perfecta.

Â¿Realmente necesitamos una superproducciÃ³n para conectar con nuestra audiencia? ğŸ¤”

QuizÃ¡s la clave estÃ© en ser autÃ©nticos y decir lo que pensamos, aunque sea una simple frase como ""esto serÃ­a un mal post, salvo porque es la leche"".  Eso sÃ­,  aplicando un poco de estrategia,  podemos amplificarlo ğŸ˜‰

Â¿QuÃ© opinÃ¡is? Â¿Os ha pasado alguna vez que un post sencillo ha tenido mÃ¡s Ã©xito que otros sÃºper elaborados? Â¡Contadme vuestras experiencias! ğŸ‘‡

#autenticidad #engagement #marketingdigital #linkedin
",2025-03-04 20:00:48.837539+00
c88b18f3-00bc-47db-aa90-b48dcb154376,c324684b-0e57-46a9-993f-b36cc1cc91b8,ef437f47-040e-410b-a1b9-84004b850c8f,"Â¿Nos quedamos sin datos para la IA?
El post debe reflexionar sobre la situaciÃ³n inminente de falta de datos para la IA a la que nos enfrentamos, y sus posibles implicaciones y soluciones, como que DeepSeek se haya entrenado en parte con datos de O1 de OpenAI.
Elon Musk concurs with other AI experts that thereâ€™s little real-world data left to train AI models on.

â€œWeâ€™ve now exhausted basically the cumulative sum of human knowledge â€¦ in AI training,â€ Musk said during a livestreamed conversation with Stagwell chairman Mark Penn on X late Wednesday. â€œThat happened basically last year.â€

Musk, who owns AI company xAI, echoed themes former OpenAI chief scientist Ilya Sutskever touched on at NeurIPS, the machine learning conference, during an address in December. Sutskever, who said the AI industry had reached what he called â€œpeak data,â€ predicted a lack of training data will force a shift away from the way models are developed today.

Indeed, Musk suggested that synthetic data â€” data generated by AI models themselves â€” is the path forward. â€œThe only way to supplement [real-world data] is with synthetic data, where the AI creates [training data],â€ he said. â€œWith synthetic data â€¦ [AI] will sort of grade itself and go through this process of self-learning.â€

Other companies, including tech giants like Microsoft, Meta, OpenAI, and Anthropic, are already using synthetic data to train flagship AI models. Gartner estimates 60% of the data used for AI and anÂ­aÂ­lytÂ­ics projects in 2024 were synÂ­thetÂ­iÂ­cally genÂ­erÂ­ated.

Microsoftâ€™s Phi-4, which was open sourced early Wednesday, was trained on synthetic data alongside real-world data. So were Googleâ€™s Gemma models. Anthropic used some synthetic data to develop one of its most performant systems, Claude 3.5 Sonnet. And Meta fine-tuned its most recent Llama series of models using AI-generated data.

Training on synthetic data has other advantages, like cost savings. AI startup Writer claims its Palmyra X 004 model, which was developed using almost entirely synthetic sources, cost just $700,000 to develop â€” compared to estimates of $4.6 million for a comparably sized OpenAI model.

TC All Stage 2025
TechCrunch is returning to Boston with All Stage (formerly known as Early Stage), delivering a full day packed with essential, actionable insights for founders.
Boston, MA | July 17, 2025
REGISTER NOW
But there as disadvantages as well. Some research suggests that synthetic data can lead to model collapse, where a model becomes less â€œcreativeâ€ â€” and more biased â€” in its outputs, eventually seriously compromising its functionality. Because models create synthetic data, if the data used to train these models has biases and limitations, their outputs will be similarly tainted. 
","Â¿Nos estamos quedando sin datos para entrenar la IA? ğŸ¤”

Elon Musk y otros expertos en IA afirman que nos estamos quedando sin datos del mundo real para entrenar modelos de IA.  De hecho, Musk dice que agotamos el conocimiento humano acumulado en el entrenamiento de IA Â¡el aÃ±o pasado! ğŸ¤¯

Â¿La soluciÃ³n? Datos sintÃ©ticos.  Es decir, datos generados por la propia IA.  Empresas como Microsoft, Meta, OpenAI y Anthropic ya los utilizan.  Incluso, la startup Writer afirma haber desarrollado su modelo Palmyra X 004 por solo $700,000 usando casi exclusivamente datos sintÃ©ticos, frente a los $4.6 millones que costarÃ­a un modelo similar de OpenAI.  Â¡Un ahorro considerable!ğŸ’°

Pero... Â¡ojo! ğŸ‘€  Los datos sintÃ©ticos tambiÃ©n tienen desventajas.  Pueden llevar al ""colapso del modelo"", haciendo que la IA sea menos creativa y mÃ¡s propensa a sesgos, comprometiendo su funcionalidad.  Si los datos usados para entrenar tienen sesgos, la IA los heredarÃ¡.

Este tema me recuerda al post que hice sobre la importancia de analizar TODOS los datos, no solo los ""supervivientes"" (link al post anterior sobre el aviÃ³n de la segunda guerra mundial).  Al final, la clave estÃ¡ en usar la cabeza.  Al igual que con la IA que genera imÃ¡genes raras de comida,  hay que filtrar y ser crÃ­ticos con los resultados.

Â¿QuÃ© opinas sobre el uso de datos sintÃ©ticos para entrenar la IA? Â¿Crees que es la soluciÃ³n o un problema a largo plazo?  Comparte tu opiniÃ³n en los comentarios. ğŸ‘‡

#IA #InteligenciaArtificial #DatosSinteticos #ElonMusk #InnovaciÃ³n #MachineLearning #DeepLearning


â¡ï¸ Conecta conmigo para seguir hablando sobre el futuro de la IA y la TransformaciÃ³n Digital.
",2025-02-07 06:44:45.589495+00
d746f5cc-b23a-45b5-ab69-d893dbfb326c,a1c523a3-82c8-4d0e-a9e1-efa926ea035f,ef437f47-040e-410b-a1b9-84004b850c8f,"Mis PropÃ³sitos para 2025 (y te comparto el modelo que suelo seguir) ğŸ‘‡
Dejar de...
ğŸ”½ decir que estoy liado (tal vez lo digo porque lo estoy, pero las dos cosas me dan rabia)
ğŸ”½ estar tan liado

Empezar a...
ğŸ”¼ delegar mÃ¡s
ğŸ”¼ escuchar mÃ¡s de lo que hablo
ğŸ”¼ terminar esos 4 proyectos que tienes al 95% y te da pereza rematar

Seguir...
ğŸš€ diciendo que no y priorizando
ğŸš€ siendo curioso y aprendiendo (mentalidad de explorador) 

Llevo ya varios aÃ±os que sigo un modelo muy sencillo pero prÃ¡ctico para mis propÃ³sitos de nuevo aÃ±o:
ğŸ”½ Empezar -> Cosas que quiero empezar a hacer
ğŸ”¼ Dejar -> Cosas que quiero no hacer mÃ¡s
ğŸš€ Seguir -> Cosas que quiero mantener/potenciar

PD: Jorge, y a mi que? Pues a ti nada, estoy seguro de que mis objetivos no te interesan mucho, pero dicen que si compartes tus objetivos en pÃºblico, te obligas mÃ¡s a cumplirlos, asÃ­ que esto es egoÃ­smo puro ğŸ¤ª 

Ahora, que si esto inspira a alguien, y quiere compartir los suyos o copiarse alguno, Â¡me encantarÃ¡!","Mis PropÃ³sitos para 2025 ğŸš€

Como cada aÃ±o, comparto mis objetivos para el nuevo aÃ±o.  Sigo un modelo sencillo y prÃ¡ctico:  ""Empezar"", ""Dejar"" y ""Seguir"".  Lo comparto, no porque os vaya a interesar (que igual sÃ­ ğŸ˜‰), sino porque me ayuda a comprometerme mÃ¡s.  Y si a alguien le inspira... Â¡genial!


**Empezar a...**
* Delegar mÃ¡s (imprescindible)
* Escuchar mÃ¡s de lo que hablo (creo que esto nos viene bien a todos)
* Terminar esos proyectos al 95% (Â¡a por el 100%!)


**Dejar de...**
* Decir que estoy liado (aunque lo estÃ© ğŸ¤ª)


**Seguir...**
* Diciendo que no y priorizando (enfoque, enfoque)
* Siendo curioso y aprendiendo (ğŸš€ mentalidad exploradora siempre)


Â¿CuÃ¡les son vuestros propÃ³sitos para 2025? ğŸ¤” Â¡Compartidlos en los comentarios! Me encantarÃ¡ leerlos y, quiÃ©n sabe, igual me inspiro ğŸ˜‰
",2024-12-27 07:02:27.243342+00
f8fb158c-6de7-4b02-9cbf-94e67e323475,c1dbc35a-c3ae-412b-9d44-de5fb690691d,ef437f47-040e-410b-a1b9-84004b850c8f,"Â¿Me prestas 5 minutos? ğŸ™ Â¡Necesito tu ayuda!
La IA hace mucho ruido, pero tras dos aÃ±os de contacto con la realidad, tengo sentimientos encontrados sobre dÃ³nde estamos realmente las empresas espaÃ±olas a la hora de adoptar la IA en 2025,y para ello os pedimos que rellenÃ©is este cuestionario 
Link -> https://forms.office.com/Pages/ResponsePage.aspx?id=RaV12XHF10WCqLUNq94oPOKrbihsH_FPmrlj-zbsoN1UOTRIMEJRNE81SEI5SzBZVFZPTTBGR1dFUy4u
Es anÃ³nimo, puedes dejar el mail al final para que te mandemos el informe final cuando estÃ© listo.
Se tardan solo 5 minutos, son 10 preguntas","Hola a todos ğŸ‘‹

Â¿Me prestas 5 minutos? ğŸ™  Necesito tu ayuda para entender algo que me lleva rondando la cabeza... ğŸ¤”

Llevo ya un tiempo trabajando con IA y, aunque el ruido que se genera es enorme ğŸ“¢, tengo sentimientos encontrados sobre cÃ³mo las empresas espaÃ±olas la estÃ¡n adoptando realmente.  En 2025, Â¿estamos aprovechando todo su potencial o nos estamos perdiendo algo?

Para comprender mejor la situaciÃ³n actual,  he creado un breve cuestionario (10 preguntas, 5 minutos â±).  Tu opiniÃ³n es clave para obtener una visiÃ³n mÃ¡s clara del panorama.

â¡ï¸  Enlace al cuestionario: [enlace acortado con bit.ly o similar]

Es totalmente anÃ³nimo y, si quieres recibir el informe final con los resultados, puedes dejar tu email al final.

Â¿CuÃ¡l es el mayor desafÃ­o que enfrenta tu empresa a la hora de implementar la IA?  Comparte tu experiencia en los comentarios. ğŸ‘‡

#IA #InteligenciaArtificial #EmpresasEspaÃ±olas #TransformaciÃ³nDigital #InnovaciÃ³n
",2025-02-04 06:03:42.728486+00