id,user_id,date_generated,tipos_de_contenido,mejores_horarios,longitud_optima,frecuencia_recomendada,estrategias_de_engagement
3,ef437f47-040e-410b-a1b9-84004b850c8f,2024-12-26 07:49:00.423128+00,"<h3>Tipos de contenido</h3>
<ul>
  <li><b>Prioriza los artículos:</b>  Dado que tus artículos muestran la mayor tasa de engagement, crea más contenido de este tipo.  Enfócate en temas relevantes para tu audiencia, proporcionando información valiosa y perspectivas únicas.  Ejemplo:  ""5 estrategias para implementar la IA generativa en tu empresa"" o ""El futuro del trabajo en la era de la automatización"".</li>
  <li><b>Optimiza las imágenes:</b> Continúa usando imágenes atractivas y de alta calidad para acompañar tus publicaciones. Asegúrate de que sean relevantes para el texto y faciliten la comprensión del mensaje.</li>
  <li><b>Revisa el formato de las encuestas:</b> Revisa el diseño y las preguntas de tus encuestas para hacerlas más atractivas e incrementar la participación. Prueba con preguntas más cortas y fáciles de responder.</li>
  <li><b>Reduce el número de publicaciones compartidas:</b> El engagement en este tipo de publicaciones es alto, pero las vistas muy bajas.  Considera generar contenido original en lugar de compartir contenido de terceros, a menos que sea extremadamente relevante y de alta calidad para tu audiencia.</li>
</ul>","<h3>Mejores horarios</h3>
<ul>
  <li><b>Publica a las 8:00 AM los martes y viernes:</b> Según tus datos, estos son los horarios con mejor rendimiento. Experimenta con otros horarios cercanos para identificar el mejor momento para tu audiencia específica.</li>
  <li><b>Analiza los datos faltantes del heatmap:</b> Completa el análisis del heatmap para obtener una visión más completa de los mejores momentos para publicar.</li>
</ul>","<h3>Longitud óptima</h3>
<ul>
  <li><b>Mantén las publicaciones concisas:</b>  Tus publicaciones cortas (0-499 caracteres) tienen el mejor engagement.  Concéntrate en transmitir tu mensaje de forma clara y directa, sin perder el interés del lector.</li>
  <li><b>Utiliza un lenguaje atractivo e imágenes:</b> Puedes mejorar la atención y el engagement usando imágenes y un lenguaje directo y fácil de entender.</li>
</ul>","<h3>Frecuencia recomendada</h3>
<ul>
  <li><b>Reduce la frecuencia de publicación:</b> Con 1.23 publicaciones diarias, considera una frecuencia más moderada, quizás entre 3 y 5 publicaciones a la semana.  Enfócate en la calidad sobre la cantidad para mantener un alto nivel de engagement.</li>
  <li><b>Planifica tu contenido:</b> Crear un calendario editorial te ayudará a mantener una frecuencia constante y a garantizar la calidad de tus publicaciones.</li>
</ul>","<h3>Estrategias de engagement</h3>
<ul>
  <li><b>Realiza preguntas abiertas en tus publicaciones:</b>  Tus contenidos más recientes demuestran que el uso de preguntas directas genera interacción.  Formula preguntas que inviten a la reflexión y al debate entre tus contactos. Ejemplo:  ""¿Cómo estás implementando la IA en tu empresa? Comparte tu experiencia."" o ""¿Cuál es el mayor desafío que enfrentas en la transformación digital?"".</li>
  <li><b>Interactúa con tus seguidores:</b> Responde a los comentarios y mensajes que recibas en tus publicaciones.  Muestra interés genuino en las opiniones de tu audiencia, creando un sentido de comunidad.</li>
  <li><b>Utiliza hashtags relevantes:</b>  Tus publicaciones utilizan hashtags, pero puedes optimizar su uso. Investiga los hashtags más populares y relevantes en tu industria y utilízalos de manera estratégica para aumentar el alcance de tus publicaciones.  Ejemplo: Si hablas de IA generativa, utiliza hashtags como #IAGenerativa, #IA, #InteligenciaArtificial, #TransformacionDigital,  #Innovación.</li>
</ul>"
4,ef437f47-040e-410b-a1b9-84004b850c8f,2025-02-05 14:09:43.629433+00,"<h3>Tipos de contenido</h3>
<ul>
  <li>Prioriza las publicaciones de tipo imagen y texto, ya que presentan la mayor tasa de engagement.  Combina imágenes atractivas con textos cortos y concisos. Ejemplo: Usa una imagen impactante relacionada con IA y un texto corto con una pregunta intrigante sobre el tema.</li>
  <li>Reduce la frecuencia de artículos. Si publicas artículos, intenta segmentarlos en varias publicaciones más cortas e interactivas para fomentar la participación.</li>
  <li>Reformula tus encuestas para que sean más atractivas y relevantes para tu público. Haz preguntas más concretas y ofrece incentivos para responder (ej.  un resumen de los resultados).</li>
  <li>Experimenta con otros formatos, como videos cortos (reels) que son muy efectivos en LinkedIn.  Estos pueden resumir tus ideas principales en forma visualmente atractiva.</li>
</ul>","<h3>Mejores horarios</h3>
<ul>
  <li>Concéntrate en publicar entre las 7:00 am y las 11:00 am, de martes a viernes. Este horario ha demostrado ser el más efectivo para llegar a tu público objetivo.</li>
  <li>Prueba también a publicar algún contenido puntual en sábado por la mañana, aunque de forma menos frecuente que el resto de la semana.</li>
  <li>Monitorea cuidadosamente los resultados de tus publicaciones en diferentes horarios para afinar aún más tu estrategia de publicación.</li>
</ul>","<h3>Longitud óptima</h3>
<ul>
  <li>Mantén la longitud de tus publicaciones corta (menos de 500 palabras). El contenido conciso obtiene una mayor tasa de engagement.  Prioriza la claridad y la concisión en tus mensajes.</li>
  <li>Si necesitas compartir información más extensa, divídela en varias publicaciones más cortas, creando una serie o hilo de publicaciones conectadas.</li>
</ul>","<h3>Frecuencia recomendada</h3>
<ul>
  <li>Manten una frecuencia de publicación consistente, pero optimiza tu estrategia. En lugar de publicar 1.27 publicaciones por día, considera publicar entre 3 y 5 publicaciones a la semana, pero planificándolas cuidadosamente para que sean impactantes.</li>
  <li>Prioriza la calidad sobre la cantidad. Es mejor tener pocas publicaciones de alta calidad que muchas publicaciones de baja calidad.</li>
</ul>","<h3>Estrategias de engagement</h3>
<ul>
  <li><strong>Hacer preguntas:</strong>  Tus contenidos más recientes ya incluyen algunas preguntas, pero podrías intensificarlo. Incluir preguntas directas al final de cada publicación invita a la interacción.  Ejemplos: ""¿Qué opinas sobre esto?"", ""¿Has tenido experiencias similares?"", ""¿Qué estrategias utilizas tú?"".</li>
  <li><strong>Responder a los comentarios:</strong>  Responde a cada comentario de forma individual y oportuna, mostrando interés en la participación de tu audiencia. Esto fomenta la conversación y aumenta el tiempo que los usuarios pasan interactuando con tu contenido.</li>
  <li><strong>Utilizar hashtags relevantes:</strong>  Tus publicaciones ya incluyen hashtags, pero optimízalos.  Investiga los hashtags más populares en tu nicho (Inteligencia Artificial, Transformación Digital, Liderazgo) y utilízalos estratégicamente en tus publicaciones, sin excederte en cantidad para no saturarlas. Busca una combinación de hashtags generales y específicos.</li>
</ul>"
5,ef437f47-040e-410b-a1b9-84004b850c8f,2025-03-04 04:35:54.5353+00,"<h3>Tipos de contenido</h3>
<ul>
<li>Prioriza las publicaciones con imágenes.  Combina imágenes de alta calidad con textos concisos y atractivos. Ejemplo: Utiliza imágenes profesionales o creativas relacionadas con tus temas principales (Inteligencia Artificial, Transformación Digital) para ilustrar tus publicaciones.</li>
<li>Mejora la calidad de tus vídeos.  Asegúrate de que tus vídeos sean de alta calidad, cortos, concisos y relevantes. Invierte en mejorar la edición y la presentación de tus vídeos.  Ejemplo: Crea videos cortos (menos de 60 segundos) que expliquen conceptos complejos de IA de forma sencilla y atractiva, o entrevistas cortas con expertos.</li>
<li>Experimenta con formato mixto. Combina texto con imágenes y vídeos cortos para aumentar el interés y el alcance de tus publicaciones.</li>
<li>Reduce o elimina las publicaciones compartidas que no aportan valor propio.  En lugar de compartir artículos, genera contenido original con tu propia perspectiva. </li>
<li>Revisa el rendimiento de los artículos. Aunque presentan una buena tasa de engagement,  explora la posibilidad de convertir algunos en imágenes con textos cortos y enlaces a la versión completa.</li>
</ul>","<h3>Mejores horarios</h3>
<ul>
<li>Concéntrate en publicar entre las 7:00 AM y las 8:00 AM de lunes a viernes. Experimenta con ligeras variaciones en los horarios para ver cuál funciona mejor para tu audiencia.</li>
<li>Evita publicar en horarios nocturnos o fines de semana, ya que tu análisis muestra un bajo rendimiento durante esos periodos.</li>
</ul>","<h3>Longitud óptima</h3>
<ul>
<li>Mantén tus publicaciones concisas y atractivas.  Las publicaciones cortas (entre 0 y 499 caracteres) generan mayor engagement.  Prioriza la claridad y el valor en pocos caracteres.</li>
<li>Cuando sea necesario, utiliza imágenes o videos para complementar textos más extensos, manteniendo un equilibrio entre información y facilidad de lectura.</li>
</ul>","<h3>Frecuencia recomendada</h3>
<ul>
<li>Manten tu frecuencia actual (aproximadamente 1 publicación al día) pero prioriza la calidad sobre la cantidad. Es preferible una publicación excelente a varias de menor calidad.</li>
<li>Si experimentas una disminución en el engagement, reduce tu frecuencia de publicación para optimizar la interacción.</li>
</ul>","<h3>Estrategias de engagement</h3>
<ul>
<li> <strong>Haz preguntas en tus publicaciones:</strong> Tus contenidos más recientes muestran que principalmente compartes información. Integra preguntas al final de tus publicaciones para fomentar la conversación y la participación activa. Ejemplo:  ""Después de leer esto, ¿qué estrategia implementarías en tu empresa para la transformación digital?"".  ""Comparte tu experiencia con la IA en los comentarios"".</li>
<li> <strong>Responde a todos los comentarios:</strong>  Demuestra interés genuino en tu audiencia respondiendo a todos los comentarios de forma rápida y personalizada. Esto fomenta el diálogo y la lealtad.</li>
<li> <strong>Utiliza hashtags relevantes:</strong>  Los hashtags son importantes para el alcance orgánico.  Utiliza hashtags relevantes en tus publicaciones que estén relacionados con el contenido. Ejemplo:  #IA, #transformaciónDigital, #liderazgo, #innovación, #tecnología, #marketingDigital.  Analiza qué hashtags son más efectivos en tus publicaciones y utiliza los que generen mayor alcance.</li>
</ul>"